date,close_price,pre_close,trades,trade_count,start_pos,end_pos,turnover,commission,slippage,trading_pnl,holding_pnl,total_pnl,net_pnl
2019-01-30,"defaultdict(<class 'int'>, {'BTC_CQ.OKEX': 3398.395, 'BTC_CW.OKEX': 3442.5})","defaultdict(<class 'int'>, {})","[TradeData(gateway_name='BACKTESTING', symbol='BTC_CQ', exchange='OKEX', vt_client_oid='1', tradeid='1', direction=<Direction.LONG: '多'>, offset=<Offset.OPEN: '开'>, price=3338.63, volume=4.0, long_qty=4.0, short_qty=0, time='09:52:20'), TradeData(gateway_name='BACKTESTING', symbol='BTC_CW', exchange='OKEX', vt_client_oid='2', tradeid='2', direction=<Direction.SHORT: '空'>, offset=<Offset.OPEN: '开'>, price=3387.87, volume=4.0, long_qty=0, short_qty=4.0, time='09:52:20'), TradeData(gateway_name='BACKTESTING', symbol='BTC_CQ', exchange='OKEX', vt_client_oid='3', tradeid='3', direction=<Direction.LONG: '多'>, offset=<Offset.OPEN: '开'>, price=3339.99, volume=4.0, long_qty=4.0, short_qty=0, time='09:58:27'), TradeData(gateway_name='BACKTESTING', symbol='BTC_CW', exchange='OKEX', vt_client_oid='4', tradeid='4', direction=<Direction.SHORT: '空'>, offset=<Offset.OPEN: '开'>, price=3390.0, volume=4.0, long_qty=0, short_qty=4.0, time='09:58:28'), TradeData(gateway_name='BACKTESTING', symbol='BTC_CQ', exchange='OKEX', vt_client_oid='5', tradeid='5', direction=<Direction.LONG: '多'>, offset=<Offset.OPEN: '开'>, price=3339.99, volume=10, long_qty=10, short_qty=0, time='09:58:28'), TradeData(gateway_name='BACKTESTING', symbol='BTC_CW', exchange='OKEX', vt_client_oid='6', tradeid='6', direction=<Direction.SHORT: '空'>, offset=<Offset.OPEN: '开'>, price=3390.0, volume=10, long_qty=0, short_qty=10, time='09:58:28'), TradeData(gateway_name='BACKTESTING', symbol='BTC_CQ', exchange='OKEX', vt_client_oid='7', tradeid='7', direction=<Direction.LONG: '多'>, offset=<Offset.OPEN: '开'>, price=3340.22, volume=10, long_qty=10, short_qty=0, time='09:58:29'), TradeData(gateway_name='BACKTESTING', symbol='BTC_CW', exchange='OKEX', vt_client_oid='8', tradeid='8', direction=<Direction.SHORT: '空'>, offset=<Offset.OPEN: '开'>, price=3390.18, volume=10, long_qty=0, short_qty=10, time='09:58:29'), TradeData(gateway_name='BACKTESTING', symbol='BTC_CQ', exchange='OKEX', vt_client_oid='9', tradeid='9', direction=<Direction.LONG: '多'>, offset=<Offset.OPEN: '开'>, price=3341.0, volume=10, long_qty=10, short_qty=0, time='09:58:30'), TradeData(gateway_name='BACKTESTING', symbol='BTC_CW', exchange='OKEX', vt_client_oid='10', tradeid='10', direction=<Direction.SHORT: '空'>, offset=<Offset.OPEN: '开'>, price=3390.34, volume=10, long_qty=0, short_qty=10, time='09:58:30'), TradeData(gateway_name='BACKTESTING', symbol='BTC_CQ', exchange='OKEX', vt_client_oid='11', tradeid='11', direction=<Direction.LONG: '多'>, offset=<Offset.OPEN: '开'>, price=3362.98, volume=4.0, long_qty=4.0, short_qty=0, time='11:08:10'), TradeData(gateway_name='BACKTESTING', symbol='BTC_CW', exchange='OKEX', vt_client_oid='12', tradeid='12', direction=<Direction.SHORT: '空'>, offset=<Offset.OPEN: '开'>, price=3411.92, volume=4.0, long_qty=0, short_qty=4.0, time='11:08:10'), TradeData(gateway_name='BACKTESTING', symbol='BTC_CQ', exchange='OKEX', vt_client_oid='13', tradeid='13', direction=<Direction.LONG: '多'>, offset=<Offset.OPEN: '开'>, price=3362.38, volume=10, long_qty=10, short_qty=0, time='11:08:19'), TradeData(gateway_name='BACKTESTING', symbol='BTC_CW', exchange='OKEX', vt_client_oid='14', tradeid='14', direction=<Direction.SHORT: '空'>, offset=<Offset.OPEN: '开'>, price=3412.5, volume=10, long_qty=0, short_qty=10, time='11:08:20'), TradeData(gateway_name='BACKTESTING', symbol='BTC_CQ', exchange='OKEX', vt_client_oid='15', tradeid='15', direction=<Direction.LONG: '多'>, offset=<Offset.OPEN: '开'>, price=3362.38, volume=3.0, long_qty=3.0, short_qty=0, time='11:08:20'), TradeData(gateway_name='BACKTESTING', symbol='BTC_CW', exchange='OKEX', vt_client_oid='16', tradeid='16', direction=<Direction.SHORT: '空'>, offset=<Offset.OPEN: '开'>, price=3411.69, volume=3.0, long_qty=0, short_qty=3.0, time='11:08:20'), TradeData(gateway_name='BACKTESTING', symbol='BTC_CQ', exchange='OKEX', vt_client_oid='17', tradeid='17', direction=<Direction.LONG: '多'>, offset=<Offset.OPEN: '开'>, price=3364.36, volume=3.0, long_qty=3.0, short_qty=0, time='11:08:29'), TradeData(gateway_name='BACKTESTING', symbol='BTC_CW', exchange='OKEX', vt_client_oid='18', tradeid='18', direction=<Direction.SHORT: '空'>, offset=<Offset.OPEN: '开'>, price=3413.92, volume=3.0, long_qty=0, short_qty=3.0, time='11:08:29'), TradeData(gateway_name='BACKTESTING', symbol='BTC_CQ', exchange='OKEX', vt_client_oid='19', tradeid='19', direction=<Direction.LONG: '多'>, offset=<Offset.OPEN: '开'>, price=3358.6, volume=10.0, long_qty=10.0, short_qty=0, time='11:10:59'), TradeData(gateway_name='BACKTESTING', symbol='BTC_CW', exchange='OKEX', vt_client_oid='20', tradeid='20', direction=<Direction.SHORT: '空'>, offset=<Offset.OPEN: '开'>, price=3408.29, volume=10.0, long_qty=0, short_qty=10.0, time='11:10:59'), TradeData(gateway_name='BACKTESTING', symbol='BTC_CQ', exchange='OKEX', vt_client_oid='21', tradeid='21', direction=<Direction.LONG: '多'>, offset=<Offset.OPEN: '开'>, price=3357.77, volume=10, long_qty=10, short_qty=0, time='11:11:05'), TradeData(gateway_name='BACKTESTING', symbol='BTC_CW', exchange='OKEX', vt_client_oid='22', tradeid='22', direction=<Direction.SHORT: '空'>, offset=<Offset.OPEN: '开'>, price=3407.55, volume=10, long_qty=0, short_qty=10, time='11:11:05'), TradeData(gateway_name='BACKTESTING', symbol='BTC_CQ', exchange='OKEX', vt_client_oid='23', tradeid='23', direction=<Direction.LONG: '多'>, offset=<Offset.OPEN: '开'>, price=3357.47, volume=5.0, long_qty=5.0, short_qty=0, time='11:11:20'), TradeData(gateway_name='BACKTESTING', symbol='BTC_CW', exchange='OKEX', vt_client_oid='24', tradeid='24', direction=<Direction.SHORT: '空'>, offset=<Offset.OPEN: '开'>, price=3407.8, volume=5.0, long_qty=0, short_qty=5.0, time='11:11:20'), TradeData(gateway_name='BACKTESTING', symbol='BTC_CQ', exchange='OKEX', vt_client_oid='25', tradeid='25', direction=<Direction.LONG: '多'>, offset=<Offset.OPEN: '开'>, price=3357.47, volume=10, long_qty=10, short_qty=0, time='11:11:20'), TradeData(gateway_name='BACKTESTING', symbol='BTC_CW', exchange='OKEX', vt_client_oid='26', tradeid='26', direction=<Direction.SHORT: '空'>, offset=<Offset.OPEN: '开'>, price=3407.8, volume=10, long_qty=0, short_qty=10, time='11:11:20')]",26,"defaultdict(<class 'int'>, {'BTC_CQ.OKEX': 2.0, 'BTC_CW.OKEX': -2.0})","defaultdict(<class 'int'>, {'BTC_CQ.OKEX': 2.0, 'BTC_CW.OKEX': -2.0})",5.508826065530531,0.001652647819659159,0.0,0.005579913350149011,0.0,0.005579913350149011,0.003927265530489852
2019-01-31,"defaultdict(<class 'int'>, {'BTC_CQ.OKEX': 3377.3199999999997, 'BTC_CW.OKEX': 3417.9849999999997})","defaultdict(<class 'int'>, {'BTC_CQ.OKEX': 3398.395, 'BTC_CW.OKEX': 3442.5})",[],0,"defaultdict(<class 'int'>, {'BTC_CQ.OKEX': 2.0, 'BTC_CW.OKEX': -2.0})","defaultdict(<class 'int'>, {'BTC_CQ.OKEX': 2.0, 'BTC_CW.OKEX': -2.0})",0.0,0.0,0.0,0.0,0.0022995750549583797,0.0022995750549583797,0.0022995750549583797
2019-02-01,"defaultdict(<class 'int'>, {'BTC_CQ.OKEX': 3407.06, 'BTC_CW.OKEX': 3433.6099999999997})","defaultdict(<class 'int'>, {'BTC_CQ.OKEX': 3377.3199999999997, 'BTC_CW.OKEX': 3417.9849999999997})","[TradeData(gateway_name='BACKTESTING', symbol='BTC_CQ', exchange='OKEX', vt_client_oid='27', tradeid='27', direction=<Direction.LONG: '多'>, offset=<Offset.CLOSE: '平'>, price=3360.02, volume=10, long_qty=-10, short_qty=0, time='15:31:01'), TradeData(gateway_name='BACKTESTING', symbol='BTC_CW', exchange='OKEX', vt_client_oid='28', tradeid='28', direction=<Direction.SHORT: '空'>, offset=<Offset.CLOSE: '平'>, price=3385.02, volume=10, long_qty=0, short_qty=-10, time='15:31:01'), TradeData(gateway_name='BACKTESTING', symbol='BTC_CQ', exchange='OKEX', vt_client_oid='29', tradeid='29', direction=<Direction.LONG: '多'>, offset=<Offset.CLOSE: '平'>, price=3360.03, volume=10, long_qty=-10, short_qty=0, time='15:31:01'), TradeData(gateway_name='BACKTESTING', symbol='BTC_CW', exchange='OKEX', vt_client_oid='30', tradeid='30', direction=<Direction.SHORT: '空'>, offset=<Offset.CLOSE: '平'>, price=3385.02, volume=10, long_qty=0, short_qty=-10, time='15:31:01'), TradeData(gateway_name='BACKTESTING', symbol='BTC_CQ', exchange='OKEX', vt_client_oid='31', tradeid='31', direction=<Direction.LONG: '多'>, offset=<Offset.CLOSE: '平'>, price=3360.03, volume=9.0, long_qty=-9.0, short_qty=0, time='15:31:02'), TradeData(gateway_name='BACKTESTING', symbol='BTC_CW', exchange='OKEX', vt_client_oid='32', tradeid='32', direction=<Direction.SHORT: '空'>, offset=<Offset.CLOSE: '平'>, price=3385.02, volume=9.0, long_qty=0, short_qty=-9.0, time='15:31:02'), TradeData(gateway_name='BACKTESTING', symbol='BTC_CQ', exchange='OKEX', vt_client_oid='33', tradeid='33', direction=<Direction.LONG: '多'>, offset=<Offset.CLOSE: '平'>, price=3360.03, volume=9.0, long_qty=-9.0, short_qty=0, time='15:31:02'), TradeData(gateway_name='BACKTESTING', symbol='BTC_CW', exchange='OKEX', vt_client_oid='34', tradeid='34', direction=<Direction.SHORT: '空'>, offset=<Offset.CLOSE: '平'>, price=3385.02, volume=9.0, long_qty=0, short_qty=-9.0, time='15:31:02'), TradeData(gateway_name='BACKTESTING', symbol='BTC_CQ', exchange='OKEX', vt_client_oid='35', tradeid='35', direction=<Direction.LONG: '多'>, offset=<Offset.CLOSE: '平'>, price=3359.94, volume=9.0, long_qty=-9.0, short_qty=0, time='15:31:03'), TradeData(gateway_name='BACKTESTING', symbol='BTC_CW', exchange='OKEX', vt_client_oid='36', tradeid='36', direction=<Direction.SHORT: '空'>, offset=<Offset.CLOSE: '平'>, price=3385.02, volume=9.0, long_qty=0, short_qty=-9.0, time='15:31:03'), TradeData(gateway_name='BACKTESTING', symbol='BTC_CQ', exchange='OKEX', vt_client_oid='37', tradeid='37', direction=<Direction.LONG: '多'>, offset=<Offset.CLOSE: '平'>, price=3360.28, volume=5.0, long_qty=-5.0, short_qty=0, time='15:31:03'), TradeData(gateway_name='BACKTESTING', symbol='BTC_CW', exchange='OKEX', vt_client_oid='38', tradeid='38', direction=<Direction.SHORT: '空'>, offset=<Offset.CLOSE: '平'>, price=3385.02, volume=5.0, long_qty=0, short_qty=-5.0, time='15:31:03'), TradeData(gateway_name='BACKTESTING', symbol='BTC_CQ', exchange='OKEX', vt_client_oid='39', tradeid='39', direction=<Direction.LONG: '多'>, offset=<Offset.CLOSE: '平'>, price=3360.29, volume=1.0, long_qty=-1.0, short_qty=0, time='15:31:04'), TradeData(gateway_name='BACKTESTING', symbol='BTC_CW', exchange='OKEX', vt_client_oid='40', tradeid='40', direction=<Direction.SHORT: '空'>, offset=<Offset.CLOSE: '平'>, price=3385.02, volume=1.0, long_qty=0, short_qty=-1.0, time='15:31:04'), TradeData(gateway_name='BACKTESTING', symbol='BTC_CQ', exchange='OKEX', vt_client_oid='41', tradeid='41', direction=<Direction.LONG: '多'>, offset=<Offset.CLOSE: '平'>, price=3360.3, volume=9.0, long_qty=-9.0, short_qty=0, time='15:31:04'), TradeData(gateway_name='BACKTESTING', symbol='BTC_CW', exchange='OKEX', vt_client_oid='42', tradeid='42', direction=<Direction.SHORT: '空'>, offset=<Offset.CLOSE: '平'>, price=3385.02, volume=9.0, long_qty=0, short_qty=-9.0, time='15:31:04'), TradeData(gateway_name='BACKTESTING', symbol='BTC_CQ', exchange='OKEX', vt_client_oid='43', tradeid='43', direction=<Direction.LONG: '多'>, offset=<Offset.CLOSE: '平'>, price=3360.3, volume=4.0, long_qty=-4.0, short_qty=0, time='15:31:05'), TradeData(gateway_name='BACKTESTING', symbol='BTC_CW', exchange='OKEX', vt_client_oid='44', tradeid='44', direction=<Direction.SHORT: '空'>, offset=<Offset.CLOSE: '平'>, price=3385.02, volume=4.0, long_qty=0, short_qty=-4.0, time='15:31:05'), TradeData(gateway_name='BACKTESTING', symbol='BTC_CQ', exchange='OKEX', vt_client_oid='45', tradeid='45', direction=<Direction.LONG: '多'>, offset=<Offset.CLOSE: '平'>, price=3360.31, volume=4.0, long_qty=-4.0, short_qty=0, time='15:31:05'), TradeData(gateway_name='BACKTESTING', symbol='BTC_CW', exchange='OKEX', vt_client_oid='46', tradeid='46', direction=<Direction.SHORT: '空'>, offset=<Offset.CLOSE: '平'>, price=3385.02, volume=4.0, long_qty=0, short_qty=-4.0, time='15:31:06'), TradeData(gateway_name='BACKTESTING', symbol='BTC_CQ', exchange='OKEX', vt_client_oid='47', tradeid='47', direction=<Direction.LONG: '多'>, offset=<Offset.CLOSE: '平'>, price=3360.32, volume=9.0, long_qty=-9.0, short_qty=0, time='15:31:06'), TradeData(gateway_name='BACKTESTING', symbol='BTC_CW', exchange='OKEX', vt_client_oid='48', tradeid='48', direction=<Direction.SHORT: '空'>, offset=<Offset.CLOSE: '平'>, price=3385.0, volume=9.0, long_qty=0, short_qty=-9.0, time='15:31:06'), TradeData(gateway_name='BACKTESTING', symbol='BTC_CQ', exchange='OKEX', vt_client_oid='49', tradeid='49', direction=<Direction.LONG: '多'>, offset=<Offset.CLOSE: '平'>, price=3360.32, volume=4.0, long_qty=-4.0, short_qty=0, time='15:31:06'), TradeData(gateway_name='BACKTESTING', symbol='BTC_CW', exchange='OKEX', vt_client_oid='50', tradeid='50', direction=<Direction.SHORT: '空'>, offset=<Offset.CLOSE: '平'>, price=3384.99, volume=4.0, long_qty=0, short_qty=-4.0, time='15:31:07'), TradeData(gateway_name='BACKTESTING', symbol='BTC_CQ', exchange='OKEX', vt_client_oid='51', tradeid='51', direction=<Direction.LONG: '多'>, offset=<Offset.CLOSE: '平'>, price=3360.06, volume=4.0, long_qty=-4.0, short_qty=0, time='15:31:07'), TradeData(gateway_name='BACKTESTING', symbol='BTC_CW', exchange='OKEX', vt_client_oid='52', tradeid='52', direction=<Direction.SHORT: '空'>, offset=<Offset.CLOSE: '平'>, price=3384.99, volume=4.0, long_qty=0, short_qty=-4.0, time='15:31:07'), TradeData(gateway_name='BACKTESTING', symbol='BTC_CQ', exchange='OKEX', vt_client_oid='53', tradeid='53', direction=<Direction.LONG: '多'>, offset=<Offset.CLOSE: '平'>, price=3360.04, volume=2.0, long_qty=-2.0, short_qty=0, time='15:31:08'), TradeData(gateway_name='BACKTESTING', symbol='BTC_CW', exchange='OKEX', vt_client_oid='54', tradeid='54', direction=<Direction.SHORT: '空'>, offset=<Offset.CLOSE: '平'>, price=3384.99, volume=2.0, long_qty=0, short_qty=-2.0, time='15:31:08'), TradeData(gateway_name='BACKTESTING', symbol='BTC_CQ', exchange='OKEX', vt_client_oid='55', tradeid='55', direction=<Direction.LONG: '多'>, offset=<Offset.CLOSE: '平'>, price=3360.04, volume=4.0, long_qty=-4.0, short_qty=0, time='15:31:08'), TradeData(gateway_name='BACKTESTING', symbol='BTC_CW', exchange='OKEX', vt_client_oid='56', tradeid='56', direction=<Direction.SHORT: '空'>, offset=<Offset.CLOSE: '平'>, price=3384.99, volume=4.0, long_qty=0, short_qty=-4.0, time='15:31:08')]",30,"defaultdict(<class 'int'>, {'BTC_CQ.OKEX': 2.0, 'BTC_CW.OKEX': -2.0})","defaultdict(<class 'int'>, {'BTC_CQ.OKEX': 2.0, 'BTC_CW.OKEX': -2.0})",5.51515519523639,0.0016545465585709159,0.0,0.0007594694613085942,0.011654793126722912,0.012414262588031506,0.01075971602946059
2019-02-02,"defaultdict(<class 'int'>, {'BTC_CW.OKEX': 3424.92, 'BTC_CQ.OKEX': 3397.5299999999997})","defaultdict(<class 'int'>, {'BTC_CQ.OKEX': 3407.06, 'BTC_CW.OKEX': 3433.6099999999997})",[],0,"defaultdict(<class 'int'>, {'BTC_CQ.OKEX': 2.0, 'BTC_CW.OKEX': -2.0})","defaultdict(<class 'int'>, {'BTC_CQ.OKEX': 2.0, 'BTC_CW.OKEX': -2.0})",0.0,0.0,0.0,0.0,0.0,0.0,0.0
2019-02-03,"defaultdict(<class 'int'>, {'BTC_CQ.OKEX': 3392.51, 'BTC_CW.OKEX': 3423.3199999999997})","defaultdict(<class 'int'>, {'BTC_CW.OKEX': 3424.92, 'BTC_CQ.OKEX': 3397.5299999999997})",[],0,"defaultdict(<class 'int'>, {'BTC_CQ.OKEX': 2.0, 'BTC_CW.OKEX': -2.0})","defaultdict(<class 'int'>, {'BTC_CQ.OKEX': 2.0, 'BTC_CW.OKEX': -2.0})",0.0,0.0,0.0,0.0,0.0,0.0,0.0
2019-02-04,"defaultdict(<class 'int'>, {'BTC_CW.OKEX': 3412.215, 'BTC_CQ.OKEX': 3384.7})","defaultdict(<class 'int'>, {'BTC_CQ.OKEX': 3392.51, 'BTC_CW.OKEX': 3423.3199999999997})",[],0,"defaultdict(<class 'int'>, {'BTC_CQ.OKEX': 2.0, 'BTC_CW.OKEX': -2.0})","defaultdict(<class 'int'>, {'BTC_CQ.OKEX': 2.0, 'BTC_CW.OKEX': -2.0})",0.0,0.0,0.0,0.0,0.0,0.0,0.0
2019-02-05,"defaultdict(<class 'int'>, {'BTC_CQ.OKEX': 3393.615, 'BTC_CW.OKEX': 3417.9849999999997})","defaultdict(<class 'int'>, {'BTC_CW.OKEX': 3412.215, 'BTC_CQ.OKEX': 3384.7})",[],0,"defaultdict(<class 'int'>, {'BTC_CQ.OKEX': 2.0, 'BTC_CW.OKEX': -2.0})","defaultdict(<class 'int'>, {'BTC_CQ.OKEX': 2.0, 'BTC_CW.OKEX': -2.0})",0.0,0.0,0.0,0.0,0.0,0.0,0.0
2019-02-06,"defaultdict(<class 'int'>, {'BTC_CW.OKEX': 3375.745, 'BTC_CQ.OKEX': 3344.685})","defaultdict(<class 'int'>, {'BTC_CQ.OKEX': 3393.615, 'BTC_CW.OKEX': 3417.9849999999997})",[],0,"defaultdict(<class 'int'>, {'BTC_CQ.OKEX': 2.0, 'BTC_CW.OKEX': -2.0})","defaultdict(<class 'int'>, {'BTC_CQ.OKEX': 2.0, 'BTC_CW.OKEX': -2.0})",0.0,0.0,0.0,0.0,0.0,0.0,0.0
2019-02-07,"defaultdict(<class 'int'>, {'BTC_CW.OKEX': 3367.4449999999997, 'BTC_CQ.OKEX': 3344.46})","defaultdict(<class 'int'>, {'BTC_CW.OKEX': 3375.745, 'BTC_CQ.OKEX': 3344.685})",[],0,"defaultdict(<class 'int'>, {'BTC_CQ.OKEX': 2.0, 'BTC_CW.OKEX': -2.0})","defaultdict(<class 'int'>, {'BTC_CQ.OKEX': 2.0, 'BTC_CW.OKEX': -2.0})",0.0,0.0,0.0,0.0,0.0,0.0,0.0
2019-02-08,"defaultdict(<class 'int'>, {'BTC_CW.OKEX': 3452.9300000000003, 'BTC_CQ.OKEX': 3446.055})","defaultdict(<class 'int'>, {'BTC_CW.OKEX': 3367.4449999999997, 'BTC_CQ.OKEX': 3344.46})",[],0,"defaultdict(<class 'int'>, {'BTC_CQ.OKEX': 2.0, 'BTC_CW.OKEX': -2.0})","defaultdict(<class 'int'>, {'BTC_CQ.OKEX': 2.0, 'BTC_CW.OKEX': -2.0})",0.0,0.0,0.0,0.0,0.0,0.0,0.0
2019-02-09,"defaultdict(<class 'int'>, {'BTC_CW.OKEX': 3612.65, 'BTC_CQ.OKEX': 3606.21})","defaultdict(<class 'int'>, {'BTC_CW.OKEX': 3452.9300000000003, 'BTC_CQ.OKEX': 3446.055})","[TradeData(gateway_name='BACKTESTING', symbol='BTC_CQ', exchange='OKEX', vt_client_oid='57', tradeid='57', direction=<Direction.SHORT: '空'>, offset=<Offset.OPEN: '开'>, price=3600.31, volume=10, long_qty=0, short_qty=10, time='01:38:02'), TradeData(gateway_name='BACKTESTING', symbol='BTC_CW', exchange='OKEX', vt_client_oid='58', tradeid='58', direction=<Direction.LONG: '多'>, offset=<Offset.OPEN: '开'>, price=3613.88, volume=10, long_qty=10, short_qty=0, time='01:38:02'), TradeData(gateway_name='BACKTESTING', symbol='BTC_CQ', exchange='OKEX', vt_client_oid='59', tradeid='59', direction=<Direction.SHORT: '空'>, offset=<Offset.CLOSE: '平'>, price=3600.57, volume=4.0, long_qty=0, short_qty=-4.0, time='01:38:02'), TradeData(gateway_name='BACKTESTING', symbol='BTC_CW', exchange='OKEX', vt_client_oid='60', tradeid='60', direction=<Direction.LONG: '多'>, offset=<Offset.CLOSE: '平'>, price=3613.62, volume=4.0, long_qty=-4.0, short_qty=0, time='01:38:03'), TradeData(gateway_name='BACKTESTING', symbol='BTC_CQ', exchange='OKEX', vt_client_oid='61', tradeid='61', direction=<Direction.SHORT: '空'>, offset=<Offset.CLOSE: '平'>, price=3600.57, volume=4.0, long_qty=0, short_qty=-4.0, time='01:38:03'), TradeData(gateway_name='BACKTESTING', symbol='BTC_CW', exchange='OKEX', vt_client_oid='62', tradeid='62', direction=<Direction.LONG: '多'>, offset=<Offset.CLOSE: '平'>, price=3613.62, volume=4.0, long_qty=-4.0, short_qty=0, time='01:38:03'), TradeData(gateway_name='BACKTESTING', symbol='BTC_CQ', exchange='OKEX', vt_client_oid='63', tradeid='63', direction=<Direction.SHORT: '空'>, offset=<Offset.CLOSE: '平'>, price=3600.47, volume=2.0, long_qty=0, short_qty=-2.0, time='01:38:04'), TradeData(gateway_name='BACKTESTING', symbol='BTC_CW', exchange='OKEX', vt_client_oid='64', tradeid='64', direction=<Direction.LONG: '多'>, offset=<Offset.CLOSE: '平'>, price=3613.62, volume=2.0, long_qty=-2.0, short_qty=0, time='01:38:04')]",8,"defaultdict(<class 'int'>, {'BTC_CQ.OKEX': 2.0, 'BTC_CW.OKEX': -2.0})","defaultdict(<class 'int'>, {'BTC_CQ.OKEX': 2.0, 'BTC_CW.OKEX': -2.0})",1.1089309224928883,0.0003326792767478664,0.0,-3.84234138323938e-05,0.0,-3.84234138323938e-05,-0.0003711026905802602
2019-02-10,"defaultdict(<class 'int'>, {'BTC_CW.OKEX': 3600.76, 'BTC_CQ.OKEX': 3591.74})","defaultdict(<class 'int'>, {'BTC_CW.OKEX': 3612.65, 'BTC_CQ.OKEX': 3606.21})",[],0,"defaultdict(<class 'int'>, {'BTC_CQ.OKEX': 2.0, 'BTC_CW.OKEX': -2.0})","defaultdict(<class 'int'>, {'BTC_CQ.OKEX': 2.0, 'BTC_CW.OKEX': -2.0})",0.0,0.0,0.0,0.0,0.0,0.0,0.0
2019-02-11,"defaultdict(<class 'int'>, {'BTC_CQ.OKEX': 3593.6499999999996, 'BTC_CW.OKEX': 3606.885})","defaultdict(<class 'int'>, {'BTC_CW.OKEX': 3600.76, 'BTC_CQ.OKEX': 3591.74})",[],0,"defaultdict(<class 'int'>, {'BTC_CQ.OKEX': 2.0, 'BTC_CW.OKEX': -2.0})","defaultdict(<class 'int'>, {'BTC_CQ.OKEX': 2.0, 'BTC_CW.OKEX': -2.0})",0.0,0.0,0.0,0.0,0.0,0.0,0.0
2019-02-12,"defaultdict(<class 'int'>, {'BTC_CW.OKEX': 3576.6549999999997, 'BTC_CQ.OKEX': 3565.82})","defaultdict(<class 'int'>, {'BTC_CQ.OKEX': 3593.6499999999996, 'BTC_CW.OKEX': 3606.885})",[],0,"defaultdict(<class 'int'>, {'BTC_CQ.OKEX': 2.0, 'BTC_CW.OKEX': -2.0})","defaultdict(<class 'int'>, {'BTC_CQ.OKEX': 2.0, 'BTC_CW.OKEX': -2.0})",0.0,0.0,0.0,0.0,0.0,0.0,0.0
2019-02-13,"defaultdict(<class 'int'>, {'BTC_CW.OKEX': 3565.59, 'BTC_CQ.OKEX': 3551.005})","defaultdict(<class 'int'>, {'BTC_CW.OKEX': 3576.6549999999997, 'BTC_CQ.OKEX': 3565.82})",[],0,"defaultdict(<class 'int'>, {'BTC_CQ.OKEX': 2.0, 'BTC_CW.OKEX': -2.0})","defaultdict(<class 'int'>, {'BTC_CQ.OKEX': 2.0, 'BTC_CW.OKEX': -2.0})",0.0,0.0,0.0,0.0,0.0,0.0,0.0
2019-02-14,"defaultdict(<class 'int'>, {'BTC_CQ.OKEX': 3561.26, 'BTC_CW.OKEX': 3570.475})","defaultdict(<class 'int'>, {'BTC_CW.OKEX': 3565.59, 'BTC_CQ.OKEX': 3551.005})",[],0,"defaultdict(<class 'int'>, {'BTC_CQ.OKEX': 2.0, 'BTC_CW.OKEX': -2.0})","defaultdict(<class 'int'>, {'BTC_CQ.OKEX': 2.0, 'BTC_CW.OKEX': -2.0})",0.0,0.0,0.0,0.0,0.0,0.0,0.0
2019-02-15,"defaultdict(<class 'int'>, {'BTC_CW.OKEX': 3560.1549999999997, 'BTC_CQ.OKEX': 3548.075})","defaultdict(<class 'int'>, {'BTC_CQ.OKEX': 3561.26, 'BTC_CW.OKEX': 3570.475})",[],0,"defaultdict(<class 'int'>, {'BTC_CQ.OKEX': 2.0, 'BTC_CW.OKEX': -2.0})","defaultdict(<class 'int'>, {'BTC_CQ.OKEX': 2.0, 'BTC_CW.OKEX': -2.0})",0.0,0.0,0.0,0.0,0.0,0.0,0.0
2019-02-16,"defaultdict(<class 'int'>, {'BTC_CQ.OKEX': 3601.6000000000004, 'BTC_CW.OKEX': 3602.785})","defaultdict(<class 'int'>, {'BTC_CW.OKEX': 3560.1549999999997, 'BTC_CQ.OKEX': 3548.075})",[],0,"defaultdict(<class 'int'>, {'BTC_CQ.OKEX': 2.0, 'BTC_CW.OKEX': -2.0})","defaultdict(<class 'int'>, {'BTC_CQ.OKEX': 2.0, 'BTC_CW.OKEX': -2.0})",0.0,0.0,0.0,0.0,0.0,0.0,0.0
2019-02-17,"defaultdict(<class 'int'>, {'BTC_CQ.OKEX': 3570.18, 'BTC_CW.OKEX': 3576.29})","defaultdict(<class 'int'>, {'BTC_CQ.OKEX': 3601.6000000000004, 'BTC_CW.OKEX': 3602.785})",[],0,"defaultdict(<class 'int'>, {'BTC_CQ.OKEX': 2.0, 'BTC_CW.OKEX': -2.0})","defaultdict(<class 'int'>, {'BTC_CQ.OKEX': 2.0, 'BTC_CW.OKEX': -2.0})",0.0,0.0,0.0,0.0,0.0,0.0,0.0
2019-02-18,"defaultdict(<class 'int'>, {'BTC_CW.OKEX': 3810.035, 'BTC_CQ.OKEX': 3817.175})","defaultdict(<class 'int'>, {'BTC_CQ.OKEX': 3570.18, 'BTC_CW.OKEX': 3576.29})","[TradeData(gateway_name='BACKTESTING', symbol='BTC_CQ', exchange='OKEX', vt_client_oid='65', tradeid='65', direction=<Direction.SHORT: '空'>, offset=<Offset.OPEN: '开'>, price=3776.53, volume=10, long_qty=0, short_qty=10, time='09:07:51'), TradeData(gateway_name='BACKTESTING', symbol='BTC_CW', exchange='OKEX', vt_client_oid='66', tradeid='66', direction=<Direction.LONG: '多'>, offset=<Offset.OPEN: '开'>, price=3742.69, volume=10, long_qty=10, short_qty=0, time='09:07:51'), TradeData(gateway_name='BACKTESTING', symbol='BTC_CQ', exchange='OKEX', vt_client_oid='67', tradeid='67', direction=<Direction.SHORT: '空'>, offset=<Offset.CLOSE: '平'>, price=3650.0, volume=10, long_qty=0, short_qty=-10, time='09:11:03'), TradeData(gateway_name='BACKTESTING', symbol='BTC_CW', exchange='OKEX', vt_client_oid='68', tradeid='68', direction=<Direction.LONG: '多'>, offset=<Offset.CLOSE: '平'>, price=3642.72, volume=10, long_qty=-10, short_qty=0, time='09:11:03')]",4,"defaultdict(<class 'int'>, {'BTC_CQ.OKEX': 2.0, 'BTC_CW.OKEX': -2.0})","defaultdict(<class 'int'>, {'BTC_CQ.OKEX': 2.0, 'BTC_CW.OKEX': -2.0})",1.0804735877481206,0.00032414207632443617,0.0,0.0018466260809407893,0.0,0.0018466260809407893,0.001522484004616353
2019-02-19,"defaultdict(<class 'int'>, {'BTC_CW.OKEX': 3958.7, 'BTC_CQ.OKEX': 3979.4300000000003})","defaultdict(<class 'int'>, {'BTC_CW.OKEX': 3810.035, 'BTC_CQ.OKEX': 3817.175})",[],0,"defaultdict(<class 'int'>, {'BTC_CQ.OKEX': 2.0, 'BTC_CW.OKEX': -2.0})","defaultdict(<class 'int'>, {'BTC_CQ.OKEX': 2.0, 'BTC_CW.OKEX': -2.0})",0.0,0.0,0.0,0.0,0.0,0.0,0.0
2019-02-20,"defaultdict(<class 'int'>, {'BTC_CQ.OKEX': 3947.9449999999997, 'BTC_CW.OKEX': 3912.1549999999997})","defaultdict(<class 'int'>, {'BTC_CW.OKEX': 3958.7, 'BTC_CQ.OKEX': 3979.4300000000003})","[TradeData(gateway_name='BACKTESTING', symbol='BTC_CQ', exchange='OKEX', vt_client_oid='69', tradeid='69', direction=<Direction.SHORT: '空'>, offset=<Offset.OPEN: '开'>, price=3959.14, volume=2.0, long_qty=0, short_qty=2.0, time='06:29:58'), TradeData(gateway_name='BACKTESTING', symbol='BTC_CW', exchange='OKEX', vt_client_oid='70', tradeid='70', direction=<Direction.LONG: '多'>, offset=<Offset.OPEN: '开'>, price=3931.58, volume=2.0, long_qty=2.0, short_qty=0, time='06:29:58')]",2,"defaultdict(<class 'int'>, {'BTC_CQ.OKEX': 2.0, 'BTC_CW.OKEX': -2.0})","defaultdict(<class 'int'>, {'BTC_CQ.OKEX': 2.0, 'BTC_CW.OKEX': -2.0})",0.10138615479195073,3.0415846437585217e-05,0.0,-0.00010933929230538732,0.0,-0.00010933929230538732,-0.00013975513874297255
2019-02-21,"defaultdict(<class 'int'>, {'BTC_CQ.OKEX': 3948.585, 'BTC_CW.OKEX': 3902.87})","defaultdict(<class 'int'>, {'BTC_CQ.OKEX': 3947.9449999999997, 'BTC_CW.OKEX': 3912.1549999999997})",[],0,"defaultdict(<class 'int'>, {'BTC_CQ.OKEX': 2.0, 'BTC_CW.OKEX': -2.0})","defaultdict(<class 'int'>, {'BTC_CQ.OKEX': 2.0, 'BTC_CW.OKEX': -2.0})",0.0,0.0,0.0,0.0,-0.0001298329198827974,-0.0001298329198827974,-0.0001298329198827974
2019-02-22,"defaultdict(<class 'int'>, {'BTC_CW.OKEX': 3895.455, 'BTC_CQ.OKEX': 3971.025})","defaultdict(<class 'int'>, {'BTC_CQ.OKEX': 3948.585, 'BTC_CW.OKEX': 3902.87})","[TradeData(gateway_name='BACKTESTING', symbol='BTC_CQ', exchange='OKEX', vt_client_oid='71', tradeid='71', direction=<Direction.SHORT: '空'>, offset=<Offset.OPEN: '开'>, price=3941.88, volume=10, long_qty=0, short_qty=10, time='00:48:14'), TradeData(gateway_name='BACKTESTING', symbol='BTC_CW', exchange='OKEX', vt_client_oid='72', tradeid='72', direction=<Direction.LONG: '多'>, offset=<Offset.OPEN: '开'>, price=3891.92, volume=10, long_qty=10, short_qty=0, time='00:48:15'), TradeData(gateway_name='BACKTESTING', symbol='BTC_CQ', exchange='OKEX', vt_client_oid='73', tradeid='73', direction=<Direction.SHORT: '空'>, offset=<Offset.OPEN: '开'>, price=3944.82, volume=1.0, long_qty=0, short_qty=1.0, time='00:53:59'), TradeData(gateway_name='BACKTESTING', symbol='BTC_CW', exchange='OKEX', vt_client_oid='74', tradeid='74', direction=<Direction.LONG: '多'>, offset=<Offset.OPEN: '开'>, price=3895.49, volume=1.0, long_qty=1.0, short_qty=0, time='00:53:59'), TradeData(gateway_name='BACKTESTING', symbol='BTC_CQ', exchange='OKEX', vt_client_oid='75', tradeid='75', direction=<Direction.SHORT: '空'>, offset=<Offset.OPEN: '开'>, price=3943.82, volume=10, long_qty=0, short_qty=10, time='06:38:33'), TradeData(gateway_name='BACKTESTING', symbol='BTC_CW', exchange='OKEX', vt_client_oid='76', tradeid='76', direction=<Direction.LONG: '多'>, offset=<Offset.OPEN: '开'>, price=3889.86, volume=10, long_qty=10, short_qty=0, time='06:38:34'), TradeData(gateway_name='BACKTESTING', symbol='BTC_CQ', exchange='OKEX', vt_client_oid='77', tradeid='77', direction=<Direction.SHORT: '空'>, offset=<Offset.OPEN: '开'>, price=3940.59, volume=10, long_qty=0, short_qty=10, time='06:38:34'), TradeData(gateway_name='BACKTESTING', symbol='BTC_CW', exchange='OKEX', vt_client_oid='78', tradeid='78', direction=<Direction.LONG: '多'>, offset=<Offset.OPEN: '开'>, price=3889.64, volume=10, long_qty=10, short_qty=0, time='06:38:34'), TradeData(gateway_name='BACKTESTING', symbol='BTC_CQ', exchange='OKEX', vt_client_oid='79', tradeid='79', direction=<Direction.SHORT: '空'>, offset=<Offset.OPEN: '开'>, price=3940.0, volume=10, long_qty=0, short_qty=10, time='06:38:35'), TradeData(gateway_name='BACKTESTING', symbol='BTC_CW', exchange='OKEX', vt_client_oid='80', tradeid='80', direction=<Direction.LONG: '多'>, offset=<Offset.OPEN: '开'>, price=3889.94, volume=10, long_qty=10, short_qty=0, time='06:38:35'), TradeData(gateway_name='BACKTESTING', symbol='BTC_CQ', exchange='OKEX', vt_client_oid='81', tradeid='81', direction=<Direction.SHORT: '空'>, offset=<Offset.OPEN: '开'>, price=3940.0, volume=10, long_qty=0, short_qty=10, time='06:38:36'), TradeData(gateway_name='BACKTESTING', symbol='BTC_CW', exchange='OKEX', vt_client_oid='82', tradeid='82', direction=<Direction.LONG: '多'>, offset=<Offset.OPEN: '开'>, price=3891.69, volume=10, long_qty=10, short_qty=0, time='06:38:36'), TradeData(gateway_name='BACKTESTING', symbol='BTC_CQ', exchange='OKEX', vt_client_oid='83', tradeid='83', direction=<Direction.SHORT: '空'>, offset=<Offset.OPEN: '开'>, price=3954.0, volume=1.0, long_qty=0, short_qty=1.0, time='07:54:05'), TradeData(gateway_name='BACKTESTING', symbol='BTC_CW', exchange='OKEX', vt_client_oid='84', tradeid='84', direction=<Direction.LONG: '多'>, offset=<Offset.OPEN: '开'>, price=3903.96, volume=1.0, long_qty=1.0, short_qty=0, time='07:54:05'), TradeData(gateway_name='BACKTESTING', symbol='BTC_CQ', exchange='OKEX', vt_client_oid='85', tradeid='85', direction=<Direction.SHORT: '空'>, offset=<Offset.OPEN: '开'>, price=3954.0, volume=2.0, long_qty=0, short_qty=2.0, time='07:54:06'), TradeData(gateway_name='BACKTESTING', symbol='BTC_CW', exchange='OKEX', vt_client_oid='86', tradeid='86', direction=<Direction.LONG: '多'>, offset=<Offset.OPEN: '开'>, price=3903.96, volume=2.0, long_qty=2.0, short_qty=0, time='07:54:06'), TradeData(gateway_name='BACKTESTING', symbol='BTC_CQ', exchange='OKEX', vt_client_oid='87', tradeid='87', direction=<Direction.SHORT: '空'>, offset=<Offset.OPEN: '开'>, price=3953.36, volume=10.0, long_qty=0, short_qty=10.0, time='07:54:06'), TradeData(gateway_name='BACKTESTING', symbol='BTC_CW', exchange='OKEX', vt_client_oid='88', tradeid='88', direction=<Direction.LONG: '多'>, offset=<Offset.OPEN: '开'>, price=3903.96, volume=10.0, long_qty=10.0, short_qty=0, time='07:54:06'), TradeData(gateway_name='BACKTESTING', symbol='BTC_CQ', exchange='OKEX', vt_client_oid='89', tradeid='89', direction=<Direction.SHORT: '空'>, offset=<Offset.OPEN: '开'>, price=3953.56, volume=10, long_qty=0, short_qty=10, time='07:54:08'), TradeData(gateway_name='BACKTESTING', symbol='BTC_CW', exchange='OKEX', vt_client_oid='90', tradeid='90', direction=<Direction.LONG: '多'>, offset=<Offset.OPEN: '开'>, price=3904.35, volume=10, long_qty=10, short_qty=0, time='07:54:09'), TradeData(gateway_name='BACKTESTING', symbol='BTC_CQ', exchange='OKEX', vt_client_oid='91', tradeid='91', direction=<Direction.SHORT: '空'>, offset=<Offset.OPEN: '开'>, price=3953.87, volume=6.0, long_qty=0, short_qty=6.0, time='07:55:20'), TradeData(gateway_name='BACKTESTING', symbol='BTC_CW', exchange='OKEX', vt_client_oid='92', tradeid='92', direction=<Direction.LONG: '多'>, offset=<Offset.OPEN: '开'>, price=3903.6, volume=6.0, long_qty=6.0, short_qty=0, time='07:55:21'), TradeData(gateway_name='BACKTESTING', symbol='BTC_CQ', exchange='OKEX', vt_client_oid='93', tradeid='93', direction=<Direction.SHORT: '空'>, offset=<Offset.OPEN: '开'>, price=3953.87, volume=6.0, long_qty=0, short_qty=6.0, time='07:55:21'), TradeData(gateway_name='BACKTESTING', symbol='BTC_CW', exchange='OKEX', vt_client_oid='94', tradeid='94', direction=<Direction.LONG: '多'>, offset=<Offset.OPEN: '开'>, price=3903.6, volume=6.0, long_qty=6.0, short_qty=0, time='07:55:21'), TradeData(gateway_name='BACKTESTING', symbol='BTC_CQ', exchange='OKEX', vt_client_oid='95', tradeid='95', direction=<Direction.SHORT: '空'>, offset=<Offset.OPEN: '开'>, price=3953.87, volume=6.0, long_qty=0, short_qty=6.0, time='07:55:21'), TradeData(gateway_name='BACKTESTING', symbol='BTC_CW', exchange='OKEX', vt_client_oid='96', tradeid='96', direction=<Direction.LONG: '多'>, offset=<Offset.OPEN: '开'>, price=3903.6, volume=6.0, long_qty=6.0, short_qty=0, time='07:55:22'), TradeData(gateway_name='BACKTESTING', symbol='BTC_CQ', exchange='OKEX', vt_client_oid='97', tradeid='97', direction=<Direction.SHORT: '空'>, offset=<Offset.CLOSE: '平'>, price=3950.76, volume=7.0, long_qty=0, short_qty=-7.0, time='15:31:00'), TradeData(gateway_name='BACKTESTING', symbol='BTC_CW', exchange='OKEX', vt_client_oid='98', tradeid='98', direction=<Direction.LONG: '多'>, offset=<Offset.CLOSE: '平'>, price=3895.45, volume=7.0, long_qty=-7.0, short_qty=0, time='15:31:01'), TradeData(gateway_name='BACKTESTING', symbol='BTC_CQ', exchange='OKEX', vt_client_oid='99', tradeid='99', direction=<Direction.SHORT: '空'>, offset=<Offset.CLOSE: '平'>, price=3950.76, volume=7.0, long_qty=0, short_qty=-7.0, time='15:31:01'), TradeData(gateway_name='BACKTESTING', symbol='BTC_CW', exchange='OKEX', vt_client_oid='100', tradeid='100', direction=<Direction.LONG: '多'>, offset=<Offset.CLOSE: '平'>, price=3895.45, volume=7.0, long_qty=-7.0, short_qty=0, time='15:31:01'), TradeData(gateway_name='BACKTESTING', symbol='BTC_CQ', exchange='OKEX', vt_client_oid='101', tradeid='101', direction=<Direction.SHORT: '空'>, offset=<Offset.CLOSE: '平'>, price=3950.76, volume=7.0, long_qty=0, short_qty=-7.0, time='15:31:01'), TradeData(gateway_name='BACKTESTING', symbol='BTC_CW', exchange='OKEX', vt_client_oid='102', tradeid='102', direction=<Direction.LONG: '多'>, offset=<Offset.CLOSE: '平'>, price=3895.45, volume=7.0, long_qty=-7.0, short_qty=0, time='15:31:02'), TradeData(gateway_name='BACKTESTING', symbol='BTC_CQ', exchange='OKEX', vt_client_oid='103', tradeid='103', direction=<Direction.SHORT: '空'>, offset=<Offset.CLOSE: '平'>, price=3950.76, volume=7.0, long_qty=0, short_qty=-7.0, time='15:31:02'), TradeData(gateway_name='BACKTESTING', symbol='BTC_CW', exchange='OKEX', vt_client_oid='104', tradeid='104', direction=<Direction.LONG: '多'>, offset=<Offset.CLOSE: '平'>, price=3895.45, volume=7.0, long_qty=-7.0, short_qty=0, time='15:31:02'), TradeData(gateway_name='BACKTESTING', symbol='BTC_CQ', exchange='OKEX', vt_client_oid='105', tradeid='105', direction=<Direction.SHORT: '空'>, offset=<Offset.CLOSE: '平'>, price=3950.76, volume=7.0, long_qty=0, short_qty=-7.0, time='15:31:02'), TradeData(gateway_name='BACKTESTING', symbol='BTC_CW', exchange='OKEX', vt_client_oid='106', tradeid='106', direction=<Direction.LONG: '多'>, offset=<Offset.CLOSE: '平'>, price=3895.45, volume=7.0, long_qty=-7.0, short_qty=0, time='15:31:03'), TradeData(gateway_name='BACKTESTING', symbol='BTC_CQ', exchange='OKEX', vt_client_oid='107', tradeid='107', direction=<Direction.SHORT: '空'>, offset=<Offset.CLOSE: '平'>, price=3950.76, volume=7.0, long_qty=0, short_qty=-7.0, time='15:31:03'), TradeData(gateway_name='BACKTESTING', symbol='BTC_CW', exchange='OKEX', vt_client_oid='108', tradeid='108', direction=<Direction.LONG: '多'>, offset=<Offset.CLOSE: '平'>, price=3895.45, volume=7.0, long_qty=-7.0, short_qty=0, time='15:31:03'), TradeData(gateway_name='BACKTESTING', symbol='BTC_CQ', exchange='OKEX', vt_client_oid='109', tradeid='109', direction=<Direction.SHORT: '空'>, offset=<Offset.CLOSE: '平'>, price=3950.76, volume=7.0, long_qty=0, short_qty=-7.0, time='15:31:03'), TradeData(gateway_name='BACKTESTING', symbol='BTC_CW', exchange='OKEX', vt_client_oid='110', tradeid='110', direction=<Direction.LONG: '多'>, offset=<Offset.CLOSE: '平'>, price=3895.45, volume=7.0, long_qty=-7.0, short_qty=0, time='15:31:04'), TradeData(gateway_name='BACKTESTING', symbol='BTC_CQ', exchange='OKEX', vt_client_oid='111', tradeid='111', direction=<Direction.SHORT: '空'>, offset=<Offset.CLOSE: '平'>, price=3950.76, volume=6.0, long_qty=0, short_qty=-6.0, time='15:31:04'), TradeData(gateway_name='BACKTESTING', symbol='BTC_CW', exchange='OKEX', vt_client_oid='112', tradeid='112', direction=<Direction.LONG: '多'>, offset=<Offset.CLOSE: '平'>, price=3895.45, volume=6.0, long_qty=-6.0, short_qty=0, time='15:31:04'), TradeData(gateway_name='BACKTESTING', symbol='BTC_CQ', exchange='OKEX', vt_client_oid='113', tradeid='113', direction=<Direction.SHORT: '空'>, offset=<Offset.CLOSE: '平'>, price=3950.79, volume=6.0, long_qty=0, short_qty=-6.0, time='15:31:04'), TradeData(gateway_name='BACKTESTING', symbol='BTC_CW', exchange='OKEX', vt_client_oid='114', tradeid='114', direction=<Direction.LONG: '多'>, offset=<Offset.CLOSE: '平'>, price=3895.45, volume=6.0, long_qty=-6.0, short_qty=0, time='15:31:05'), TradeData(gateway_name='BACKTESTING', symbol='BTC_CQ', exchange='OKEX', vt_client_oid='115', tradeid='115', direction=<Direction.SHORT: '空'>, offset=<Offset.CLOSE: '平'>, price=3950.78, volume=10, long_qty=0, short_qty=-10, time='15:31:05'), TradeData(gateway_name='BACKTESTING', symbol='BTC_CW', exchange='OKEX', vt_client_oid='116', tradeid='116', direction=<Direction.LONG: '多'>, offset=<Offset.CLOSE: '平'>, price=3895.45, volume=10, long_qty=-10, short_qty=0, time='15:31:05'), TradeData(gateway_name='BACKTESTING', symbol='BTC_CQ', exchange='OKEX', vt_client_oid='117', tradeid='117', direction=<Direction.SHORT: '空'>, offset=<Offset.CLOSE: '平'>, price=3950.78, volume=1.0, long_qty=0, short_qty=-1.0, time='15:31:06'), TradeData(gateway_name='BACKTESTING', symbol='BTC_CW', exchange='OKEX', vt_client_oid='118', tradeid='118', direction=<Direction.LONG: '多'>, offset=<Offset.CLOSE: '平'>, price=3895.45, volume=1.0, long_qty=-1.0, short_qty=0, time='15:31:06'), TradeData(gateway_name='BACKTESTING', symbol='BTC_CQ', exchange='OKEX', vt_client_oid='119', tradeid='119', direction=<Direction.SHORT: '空'>, offset=<Offset.CLOSE: '平'>, price=3950.79, volume=1.0, long_qty=0, short_qty=-1.0, time='15:31:06'), TradeData(gateway_name='BACKTESTING', symbol='BTC_CW', exchange='OKEX', vt_client_oid='120', tradeid='120', direction=<Direction.LONG: '多'>, offset=<Offset.CLOSE: '平'>, price=3895.45, volume=1.0, long_qty=-1.0, short_qty=0, time='15:31:06'), TradeData(gateway_name='BACKTESTING', symbol='BTC_CQ', exchange='OKEX', vt_client_oid='121', tradeid='121', direction=<Direction.SHORT: '空'>, offset=<Offset.CLOSE: '平'>, price=3950.77, volume=10, long_qty=0, short_qty=-10, time='15:31:07'), TradeData(gateway_name='BACKTESTING', symbol='BTC_CW', exchange='OKEX', vt_client_oid='122', tradeid='122', direction=<Direction.LONG: '多'>, offset=<Offset.CLOSE: '平'>, price=3895.45, volume=10, long_qty=-10, short_qty=0, time='15:31:07'), TradeData(gateway_name='BACKTESTING', symbol='BTC_CQ', exchange='OKEX', vt_client_oid='123', tradeid='123', direction=<Direction.SHORT: '空'>, offset=<Offset.CLOSE: '平'>, price=3950.69, volume=10, long_qty=0, short_qty=-10, time='15:31:07'), TradeData(gateway_name='BACKTESTING', symbol='BTC_CW', exchange='OKEX', vt_client_oid='124', tradeid='124', direction=<Direction.LONG: '多'>, offset=<Offset.CLOSE: '平'>, price=3895.45, volume=10, long_qty=-10, short_qty=0, time='15:31:08'), TradeData(gateway_name='BACKTESTING', symbol='BTC_CQ', exchange='OKEX', vt_client_oid='125', tradeid='125', direction=<Direction.SHORT: '空'>, offset=<Offset.CLOSE: '平'>, price=3950.1, volume=1.0, long_qty=0, short_qty=-1.0, time='15:31:08'), TradeData(gateway_name='BACKTESTING', symbol='BTC_CW', exchange='OKEX', vt_client_oid='126', tradeid='126', direction=<Direction.LONG: '多'>, offset=<Offset.CLOSE: '平'>, price=3895.45, volume=1.0, long_qty=-1.0, short_qty=0, time='15:31:08')]",56,"defaultdict(<class 'int'>, {'BTC_CQ.OKEX': 2.0, 'BTC_CW.OKEX': -2.0})","defaultdict(<class 'int'>, {'BTC_CQ.OKEX': 2.0, 'BTC_CW.OKEX': -2.0})",9.484403985681727,0.0028453211957045186,0.0,-0.0027403510387950577,-0.00038376939320387,-0.0031241204319989277,-0.005969441627703446
2019-02-23,"defaultdict(<class 'int'>, {'BTC_CQ.OKEX': 3946.435, 'BTC_CW.OKEX': 3927.73})","defaultdict(<class 'int'>, {'BTC_CW.OKEX': 3895.455, 'BTC_CQ.OKEX': 3971.025})",[],0,"defaultdict(<class 'int'>, {'BTC_CQ.OKEX': 2.0, 'BTC_CW.OKEX': -2.0})","defaultdict(<class 'int'>, {'BTC_CQ.OKEX': 2.0, 'BTC_CW.OKEX': -2.0})",0.0,0.0,0.0,0.0,0.0,0.0,0.0
2019-02-24,"defaultdict(<class 'int'>, {'BTC_CQ.OKEX': 3768.3950000000004, 'BTC_CW.OKEX': 3785.77})","defaultdict(<class 'int'>, {'BTC_CQ.OKEX': 3946.435, 'BTC_CW.OKEX': 3927.73})","[TradeData(gateway_name='BACKTESTING', symbol='BTC_CQ', exchange='OKEX', vt_client_oid='127', tradeid='127', direction=<Direction.LONG: '多'>, offset=<Offset.OPEN: '开'>, price=3720.76, volume=10, long_qty=10, short_qty=0, time='22:18:47'), TradeData(gateway_name='BACKTESTING', symbol='BTC_CW', exchange='OKEX', vt_client_oid='128', tradeid='128', direction=<Direction.SHORT: '空'>, offset=<Offset.OPEN: '开'>, price=3768.97, volume=10, long_qty=0, short_qty=10, time='22:18:47'), TradeData(gateway_name='BACKTESTING', symbol='BTC_CQ', exchange='OKEX', vt_client_oid='129', tradeid='129', direction=<Direction.LONG: '多'>, offset=<Offset.OPEN: '开'>, price=3720.76, volume=1.0, long_qty=1.0, short_qty=0, time='22:18:52'), TradeData(gateway_name='BACKTESTING', symbol='BTC_CW', exchange='OKEX', vt_client_oid='130', tradeid='130', direction=<Direction.SHORT: '空'>, offset=<Offset.OPEN: '开'>, price=3769.49, volume=1.0, long_qty=0, short_qty=1.0, time='22:18:53'), TradeData(gateway_name='BACKTESTING', symbol='BTC_CQ', exchange='OKEX', vt_client_oid='131', tradeid='131', direction=<Direction.LONG: '多'>, offset=<Offset.OPEN: '开'>, price=3720.75, volume=10, long_qty=10, short_qty=0, time='22:18:59'), TradeData(gateway_name='BACKTESTING', symbol='BTC_CW', exchange='OKEX', vt_client_oid='132', tradeid='132', direction=<Direction.SHORT: '空'>, offset=<Offset.OPEN: '开'>, price=3790.01, volume=10, long_qty=0, short_qty=10, time='22:18:59'), TradeData(gateway_name='BACKTESTING', symbol='BTC_CQ', exchange='OKEX', vt_client_oid='133', tradeid='133', direction=<Direction.LONG: '多'>, offset=<Offset.OPEN: '开'>, price=3720.76, volume=3.0, long_qty=3.0, short_qty=0, time='22:18:59'), TradeData(gateway_name='BACKTESTING', symbol='BTC_CW', exchange='OKEX', vt_client_oid='134', tradeid='134', direction=<Direction.SHORT: '空'>, offset=<Offset.OPEN: '开'>, price=3790.0, volume=3.0, long_qty=0, short_qty=3.0, time='22:19:00'), TradeData(gateway_name='BACKTESTING', symbol='BTC_CQ', exchange='OKEX', vt_client_oid='135', tradeid='135', direction=<Direction.LONG: '多'>, offset=<Offset.OPEN: '开'>, price=3720.76, volume=10, long_qty=10, short_qty=0, time='22:19:00'), TradeData(gateway_name='BACKTESTING', symbol='BTC_CW', exchange='OKEX', vt_client_oid='136', tradeid='136', direction=<Direction.SHORT: '空'>, offset=<Offset.OPEN: '开'>, price=3790.0, volume=10, long_qty=0, short_qty=10, time='22:19:00'), TradeData(gateway_name='BACKTESTING', symbol='BTC_CQ', exchange='OKEX', vt_client_oid='137', tradeid='137', direction=<Direction.LONG: '多'>, offset=<Offset.OPEN: '开'>, price=3720.76, volume=10, long_qty=10, short_qty=0, time='22:19:01'), TradeData(gateway_name='BACKTESTING', symbol='BTC_CW', exchange='OKEX', vt_client_oid='138', tradeid='138', direction=<Direction.SHORT: '空'>, offset=<Offset.OPEN: '开'>, price=3786.85, volume=10, long_qty=0, short_qty=10, time='22:19:01'), TradeData(gateway_name='BACKTESTING', symbol='BTC_CQ', exchange='OKEX', vt_client_oid='139', tradeid='139', direction=<Direction.LONG: '多'>, offset=<Offset.OPEN: '开'>, price=3720.76, volume=4.0, long_qty=4.0, short_qty=0, time='22:19:01'), TradeData(gateway_name='BACKTESTING', symbol='BTC_CW', exchange='OKEX', vt_client_oid='140', tradeid='140', direction=<Direction.SHORT: '空'>, offset=<Offset.OPEN: '开'>, price=3777.63, volume=4.0, long_qty=0, short_qty=4.0, time='22:19:02'), TradeData(gateway_name='BACKTESTING', symbol='BTC_CQ', exchange='OKEX', vt_client_oid='141', tradeid='141', direction=<Direction.LONG: '多'>, offset=<Offset.OPEN: '开'>, price=3720.76, volume=10, long_qty=10, short_qty=0, time='22:19:02'), TradeData(gateway_name='BACKTESTING', symbol='BTC_CW', exchange='OKEX', vt_client_oid='142', tradeid='142', direction=<Direction.SHORT: '空'>, offset=<Offset.OPEN: '开'>, price=3776.66, volume=10, long_qty=0, short_qty=10, time='22:19:02'), TradeData(gateway_name='BACKTESTING', symbol='BTC_CQ', exchange='OKEX', vt_client_oid='143', tradeid='143', direction=<Direction.LONG: '多'>, offset=<Offset.OPEN: '开'>, price=3720.76, volume=1.0, long_qty=1.0, short_qty=0, time='22:19:02'), TradeData(gateway_name='BACKTESTING', symbol='BTC_CW', exchange='OKEX', vt_client_oid='144', tradeid='144', direction=<Direction.SHORT: '空'>, offset=<Offset.OPEN: '开'>, price=3774.49, volume=1.0, long_qty=0, short_qty=1.0, time='22:19:03'), TradeData(gateway_name='BACKTESTING', symbol='BTC_CQ', exchange='OKEX', vt_client_oid='145', tradeid='145', direction=<Direction.LONG: '多'>, offset=<Offset.OPEN: '开'>, price=3720.76, volume=4.0, long_qty=4.0, short_qty=0, time='22:19:03'), TradeData(gateway_name='BACKTESTING', symbol='BTC_CW', exchange='OKEX', vt_client_oid='146', tradeid='146', direction=<Direction.SHORT: '空'>, offset=<Offset.OPEN: '开'>, price=3765.15, volume=4.0, long_qty=0, short_qty=4.0, time='22:19:03'), TradeData(gateway_name='BACKTESTING', symbol='BTC_CQ', exchange='OKEX', vt_client_oid='147', tradeid='147', direction=<Direction.LONG: '多'>, offset=<Offset.OPEN: '开'>, price=3727.49, volume=2.0, long_qty=2.0, short_qty=0, time='22:19:10'), TradeData(gateway_name='BACKTESTING', symbol='BTC_CW', exchange='OKEX', vt_client_oid='148', tradeid='148', direction=<Direction.SHORT: '空'>, offset=<Offset.OPEN: '开'>, price=3766.32, volume=2.0, long_qty=0, short_qty=2.0, time='22:19:11'), TradeData(gateway_name='BACKTESTING', symbol='BTC_CQ', exchange='OKEX', vt_client_oid='149', tradeid='149', direction=<Direction.LONG: '多'>, offset=<Offset.OPEN: '开'>, price=3730.0, volume=10.0, long_qty=10.0, short_qty=0, time='22:19:13'), TradeData(gateway_name='BACKTESTING', symbol='BTC_CW', exchange='OKEX', vt_client_oid='150', tradeid='150', direction=<Direction.SHORT: '空'>, offset=<Offset.OPEN: '开'>, price=3774.14, volume=10.0, long_qty=0, short_qty=10.0, time='22:19:14'), TradeData(gateway_name='BACKTESTING', symbol='BTC_CQ', exchange='OKEX', vt_client_oid='151', tradeid='151', direction=<Direction.LONG: '多'>, offset=<Offset.OPEN: '开'>, price=3732.44, volume=10, long_qty=10, short_qty=0, time='22:19:20'), TradeData(gateway_name='BACKTESTING', symbol='BTC_CW', exchange='OKEX', vt_client_oid='152', tradeid='152', direction=<Direction.SHORT: '空'>, offset=<Offset.OPEN: '开'>, price=3771.63, volume=10, long_qty=0, short_qty=10, time='22:19:20'), TradeData(gateway_name='BACKTESTING', symbol='BTC_CQ', exchange='OKEX', vt_client_oid='153', tradeid='153', direction=<Direction.LONG: '多'>, offset=<Offset.OPEN: '开'>, price=3731.23, volume=10, long_qty=10, short_qty=0, time='22:19:44'), TradeData(gateway_name='BACKTESTING', symbol='BTC_CW', exchange='OKEX', vt_client_oid='154', tradeid='154', direction=<Direction.SHORT: '空'>, offset=<Offset.OPEN: '开'>, price=3800.0, volume=10, long_qty=0, short_qty=10, time='22:19:45')]",28,"defaultdict(<class 'int'>, {'BTC_CQ.OKEX': 2.0, 'BTC_CW.OKEX': -2.0})","defaultdict(<class 'int'>, {'BTC_CQ.OKEX': 2.0, 'BTC_CW.OKEX': -2.0})",5.063429290466884,0.0015190287871400647,0.0,0.026769590447695987,0.0,0.026769590447695987,0.025250561660555924
2019-02-26,"defaultdict(<class 'int'>, {'BTC_CQ.OKEX': 3782.05, 'BTC_CW.OKEX': 3803.4849999999997})","defaultdict(<class 'int'>, {'BTC_CQ.OKEX': 3768.3950000000004, 'BTC_CW.OKEX': 3785.77})",[],0,"defaultdict(<class 'int'>, {'BTC_CQ.OKEX': 2.0, 'BTC_CW.OKEX': -2.0})","defaultdict(<class 'int'>, {'BTC_CQ.OKEX': 2.0, 'BTC_CW.OKEX': -2.0})",0.0,0.0,0.0,0.0,-0.0025858030097679636,-0.0025858030097679636,-0.0025858030097679636
2019-02-27,"defaultdict(<class 'int'>, {'BTC_CW.OKEX': 3793.4750000000004, 'BTC_CQ.OKEX': 3773.09})","defaultdict(<class 'int'>, {'BTC_CQ.OKEX': 3782.05, 'BTC_CW.OKEX': 3803.4849999999997})",[],0,"defaultdict(<class 'int'>, {'BTC_CQ.OKEX': 2.0, 'BTC_CW.OKEX': -2.0})","defaultdict(<class 'int'>, {'BTC_CQ.OKEX': 2.0, 'BTC_CW.OKEX': -2.0})",0.0,0.0,0.0,0.0,0.0006258541691644649,0.0006258541691644649,0.0006258541691644649
2019-02-28,"defaultdict(<class 'int'>, {'BTC_CW.OKEX': 3839.615, 'BTC_CQ.OKEX': 3817.7349999999997})","defaultdict(<class 'int'>, {'BTC_CW.OKEX': 3793.4750000000004, 'BTC_CQ.OKEX': 3773.09})",[],0,"defaultdict(<class 'int'>, {'BTC_CQ.OKEX': 2.0, 'BTC_CW.OKEX': -2.0})","defaultdict(<class 'int'>, {'BTC_CQ.OKEX': 2.0, 'BTC_CW.OKEX': -2.0})",0.0,0.0,0.0,0.0,-0.0006499737884846091,-0.0006499737884846091,-0.0006499737884846091
2019-03-01,"defaultdict(<class 'int'>, {'BTC_CQ.OKEX': 3796.065, 'BTC_CW.OKEX': 3812.3450000000003})","defaultdict(<class 'int'>, {'BTC_CW.OKEX': 3839.615, 'BTC_CQ.OKEX': 3817.7349999999997})","[TradeData(gateway_name='BACKTESTING', symbol='BTC_CQ', exchange='OKEX', vt_client_oid='155', tradeid='155', direction=<Direction.LONG: '多'>, offset=<Offset.CLOSE: '平'>, price=3777.18, volume=8.0, long_qty=-8.0, short_qty=0, time='15:31:00'), TradeData(gateway_name='BACKTESTING', symbol='BTC_CW', exchange='OKEX', vt_client_oid='156', tradeid='156', direction=<Direction.SHORT: '空'>, offset=<Offset.CLOSE: '平'>, price=3795.27, volume=8.0, long_qty=0, short_qty=-8.0, time='15:31:00'), TradeData(gateway_name='BACKTESTING', symbol='BTC_CQ', exchange='OKEX', vt_client_oid='157', tradeid='157', direction=<Direction.LONG: '多'>, offset=<Offset.CLOSE: '平'>, price=3777.18, volume=10, long_qty=-10, short_qty=0, time='15:31:01'), TradeData(gateway_name='BACKTESTING', symbol='BTC_CW', exchange='OKEX', vt_client_oid='158', tradeid='158', direction=<Direction.SHORT: '空'>, offset=<Offset.CLOSE: '平'>, price=3795.28, volume=10, long_qty=0, short_qty=-10, time='15:31:01'), TradeData(gateway_name='BACKTESTING', symbol='BTC_CQ', exchange='OKEX', vt_client_oid='159', tradeid='159', direction=<Direction.LONG: '多'>, offset=<Offset.CLOSE: '平'>, price=3777.19, volume=6.0, long_qty=-6.0, short_qty=0, time='15:31:01'), TradeData(gateway_name='BACKTESTING', symbol='BTC_CW', exchange='OKEX', vt_client_oid='160', tradeid='160', direction=<Direction.SHORT: '空'>, offset=<Offset.CLOSE: '平'>, price=3795.27, volume=6.0, long_qty=0, short_qty=-6.0, time='15:31:01'), TradeData(gateway_name='BACKTESTING', symbol='BTC_CQ', exchange='OKEX', vt_client_oid='161', tradeid='161', direction=<Direction.LONG: '多'>, offset=<Offset.CLOSE: '平'>, price=3777.19, volume=10.0, long_qty=-10.0, short_qty=0, time='15:31:02'), TradeData(gateway_name='BACKTESTING', symbol='BTC_CW', exchange='OKEX', vt_client_oid='162', tradeid='162', direction=<Direction.SHORT: '空'>, offset=<Offset.CLOSE: '平'>, price=3795.26, volume=10.0, long_qty=0, short_qty=-10.0, time='15:31:02'), TradeData(gateway_name='BACKTESTING', symbol='BTC_CQ', exchange='OKEX', vt_client_oid='163', tradeid='163', direction=<Direction.LONG: '多'>, offset=<Offset.CLOSE: '平'>, price=3777.19, volume=3.0, long_qty=-3.0, short_qty=0, time='15:31:02'), TradeData(gateway_name='BACKTESTING', symbol='BTC_CW', exchange='OKEX', vt_client_oid='164', tradeid='164', direction=<Direction.SHORT: '空'>, offset=<Offset.CLOSE: '平'>, price=3795.25, volume=3.0, long_qty=0, short_qty=-3.0, time='15:31:02'), TradeData(gateway_name='BACKTESTING', symbol='BTC_CQ', exchange='OKEX', vt_client_oid='165', tradeid='165', direction=<Direction.LONG: '多'>, offset=<Offset.CLOSE: '平'>, price=3777.2, volume=3.0, long_qty=-3.0, short_qty=0, time='15:31:03'), TradeData(gateway_name='BACKTESTING', symbol='BTC_CW', exchange='OKEX', vt_client_oid='166', tradeid='166', direction=<Direction.SHORT: '空'>, offset=<Offset.CLOSE: '平'>, price=3795.11, volume=3.0, long_qty=0, short_qty=-3.0, time='15:31:03'), TradeData(gateway_name='BACKTESTING', symbol='BTC_CQ', exchange='OKEX', vt_client_oid='167', tradeid='167', direction=<Direction.LONG: '多'>, offset=<Offset.CLOSE: '平'>, price=3777.21, volume=10, long_qty=-10, short_qty=0, time='15:31:03'), TradeData(gateway_name='BACKTESTING', symbol='BTC_CW', exchange='OKEX', vt_client_oid='168', tradeid='168', direction=<Direction.SHORT: '空'>, offset=<Offset.CLOSE: '平'>, price=3795.1, volume=10, long_qty=0, short_qty=-10, time='15:31:04'), TradeData(gateway_name='BACKTESTING', symbol='BTC_CQ', exchange='OKEX', vt_client_oid='169', tradeid='169', direction=<Direction.LONG: '多'>, offset=<Offset.CLOSE: '平'>, price=3777.22, volume=10.0, long_qty=-10.0, short_qty=0, time='15:31:04'), TradeData(gateway_name='BACKTESTING', symbol='BTC_CW', exchange='OKEX', vt_client_oid='170', tradeid='170', direction=<Direction.SHORT: '空'>, offset=<Offset.CLOSE: '平'>, price=3795.09, volume=10.0, long_qty=0, short_qty=-10.0, time='15:31:04'), TradeData(gateway_name='BACKTESTING', symbol='BTC_CQ', exchange='OKEX', vt_client_oid='171', tradeid='171', direction=<Direction.LONG: '多'>, offset=<Offset.CLOSE: '平'>, price=3777.22, volume=4.0, long_qty=-4.0, short_qty=0, time='15:31:05'), TradeData(gateway_name='BACKTESTING', symbol='BTC_CW', exchange='OKEX', vt_client_oid='172', tradeid='172', direction=<Direction.SHORT: '空'>, offset=<Offset.CLOSE: '平'>, price=3795.08, volume=4.0, long_qty=0, short_qty=-4.0, time='15:31:05'), TradeData(gateway_name='BACKTESTING', symbol='BTC_CQ', exchange='OKEX', vt_client_oid='173', tradeid='173', direction=<Direction.LONG: '多'>, offset=<Offset.CLOSE: '平'>, price=3777.22, volume=10.0, long_qty=-10.0, short_qty=0, time='15:31:05'), TradeData(gateway_name='BACKTESTING', symbol='BTC_CW', exchange='OKEX', vt_client_oid='174', tradeid='174', direction=<Direction.SHORT: '空'>, offset=<Offset.CLOSE: '平'>, price=3795.08, volume=10.0, long_qty=0, short_qty=-10.0, time='15:31:05'), TradeData(gateway_name='BACKTESTING', symbol='BTC_CQ', exchange='OKEX', vt_client_oid='175', tradeid='175', direction=<Direction.LONG: '多'>, offset=<Offset.CLOSE: '平'>, price=3777.22, volume=10.0, long_qty=-10.0, short_qty=0, time='15:31:06'), TradeData(gateway_name='BACKTESTING', symbol='BTC_CW', exchange='OKEX', vt_client_oid='176', tradeid='176', direction=<Direction.SHORT: '空'>, offset=<Offset.CLOSE: '平'>, price=3795.07, volume=10.0, long_qty=0, short_qty=-10.0, time='15:31:06'), TradeData(gateway_name='BACKTESTING', symbol='BTC_CQ', exchange='OKEX', vt_client_oid='177', tradeid='177', direction=<Direction.LONG: '多'>, offset=<Offset.CLOSE: '平'>, price=3777.22, volume=6.0, long_qty=-6.0, short_qty=0, time='15:31:06'), TradeData(gateway_name='BACKTESTING', symbol='BTC_CW', exchange='OKEX', vt_client_oid='178', tradeid='178', direction=<Direction.SHORT: '空'>, offset=<Offset.CLOSE: '平'>, price=3795.06, volume=6.0, long_qty=0, short_qty=-6.0, time='15:31:06'), TradeData(gateway_name='BACKTESTING', symbol='BTC_CQ', exchange='OKEX', vt_client_oid='179', tradeid='179', direction=<Direction.LONG: '多'>, offset=<Offset.CLOSE: '平'>, price=3777.22, volume=5.0, long_qty=-5.0, short_qty=0, time='15:31:07'), TradeData(gateway_name='BACKTESTING', symbol='BTC_CW', exchange='OKEX', vt_client_oid='180', tradeid='180', direction=<Direction.SHORT: '空'>, offset=<Offset.CLOSE: '平'>, price=3795.06, volume=5.0, long_qty=0, short_qty=-5.0, time='15:31:07')]",26,"defaultdict(<class 'int'>, {'BTC_CQ.OKEX': 2.0, 'BTC_CW.OKEX': -2.0})","defaultdict(<class 'int'>, {'BTC_CQ.OKEX': 2.0, 'BTC_CW.OKEX': -2.0})",5.018279550107551,0.0015054838650322652,0.0,-0.0012083179106919533,0.003493129810723342,0.0022848119000313887,0.0007793280349991235
2019-03-02,"defaultdict(<class 'int'>, {'BTC_CW.OKEX': 3799.27, 'BTC_CQ.OKEX': 3785.44})","defaultdict(<class 'int'>, {'BTC_CQ.OKEX': 3796.065, 'BTC_CW.OKEX': 3812.3450000000003})",[],0,"defaultdict(<class 'int'>, {'BTC_CQ.OKEX': 2.0, 'BTC_CW.OKEX': -2.0})","defaultdict(<class 'int'>, {'BTC_CQ.OKEX': 2.0, 'BTC_CW.OKEX': -2.0})",0.0,0.0,0.0,0.0,0.0,0.0,0.0
2019-03-03,"defaultdict(<class 'int'>, {'BTC_CW.OKEX': 3786.13, 'BTC_CQ.OKEX': 3769.03})","defaultdict(<class 'int'>, {'BTC_CW.OKEX': 3799.27, 'BTC_CQ.OKEX': 3785.44})",[],0,"defaultdict(<class 'int'>, {'BTC_CQ.OKEX': 2.0, 'BTC_CW.OKEX': -2.0})","defaultdict(<class 'int'>, {'BTC_CQ.OKEX': 2.0, 'BTC_CW.OKEX': -2.0})",0.0,0.0,0.0,0.0,0.0,0.0,0.0
2019-03-04,"defaultdict(<class 'int'>, {'BTC_CQ.OKEX': 3690.7200000000003, 'BTC_CW.OKEX': 3703.66})","defaultdict(<class 'int'>, {'BTC_CW.OKEX': 3786.13, 'BTC_CQ.OKEX': 3769.03})",[],0,"defaultdict(<class 'int'>, {'BTC_CQ.OKEX': 2.0, 'BTC_CW.OKEX': -2.0})","defaultdict(<class 'int'>, {'BTC_CQ.OKEX': 2.0, 'BTC_CW.OKEX': -2.0})",0.0,0.0,0.0,0.0,0.0,0.0,0.0
2019-03-05,"defaultdict(<class 'int'>, {'BTC_CW.OKEX': 3826.265, 'BTC_CQ.OKEX': 3818.955})","defaultdict(<class 'int'>, {'BTC_CQ.OKEX': 3690.7200000000003, 'BTC_CW.OKEX': 3703.66})",[],0,"defaultdict(<class 'int'>, {'BTC_CQ.OKEX': 2.0, 'BTC_CW.OKEX': -2.0})","defaultdict(<class 'int'>, {'BTC_CQ.OKEX': 2.0, 'BTC_CW.OKEX': -2.0})",0.0,0.0,0.0,0.0,0.0,0.0,0.0
2019-03-06,"defaultdict(<class 'int'>, {'BTC_CQ.OKEX': 3845.735, 'BTC_CW.OKEX': 3851.12})","defaultdict(<class 'int'>, {'BTC_CW.OKEX': 3826.265, 'BTC_CQ.OKEX': 3818.955})",[],0,"defaultdict(<class 'int'>, {'BTC_CQ.OKEX': 2.0, 'BTC_CW.OKEX': -2.0})","defaultdict(<class 'int'>, {'BTC_CQ.OKEX': 2.0, 'BTC_CW.OKEX': -2.0})",0.0,0.0,0.0,0.0,0.0,0.0,0.0
2019-03-07,"defaultdict(<class 'int'>, {'BTC_CQ.OKEX': 3855.81, 'BTC_CW.OKEX': 3863.085})","defaultdict(<class 'int'>, {'BTC_CQ.OKEX': 3845.735, 'BTC_CW.OKEX': 3851.12})",[],0,"defaultdict(<class 'int'>, {'BTC_CQ.OKEX': 2.0, 'BTC_CW.OKEX': -2.0})","defaultdict(<class 'int'>, {'BTC_CQ.OKEX': 2.0, 'BTC_CW.OKEX': -2.0})",0.0,0.0,0.0,0.0,0.0,0.0,0.0
2019-03-08,"defaultdict(<class 'int'>, {'BTC_CQ.OKEX': 3873.365, 'BTC_CW.OKEX': 3883.305})","defaultdict(<class 'int'>, {'BTC_CQ.OKEX': 3855.81, 'BTC_CW.OKEX': 3863.085})",[],0,"defaultdict(<class 'int'>, {'BTC_CQ.OKEX': 2.0, 'BTC_CW.OKEX': -2.0})","defaultdict(<class 'int'>, {'BTC_CQ.OKEX': 2.0, 'BTC_CW.OKEX': -2.0})",0.0,0.0,0.0,0.0,0.0,0.0,0.0
2019-03-09,"defaultdict(<class 'int'>, {'BTC_CW.OKEX': 3921.105, 'BTC_CQ.OKEX': 3909.71})","defaultdict(<class 'int'>, {'BTC_CQ.OKEX': 3873.365, 'BTC_CW.OKEX': 3883.305})",[],0,"defaultdict(<class 'int'>, {'BTC_CQ.OKEX': 2.0, 'BTC_CW.OKEX': -2.0})","defaultdict(<class 'int'>, {'BTC_CQ.OKEX': 2.0, 'BTC_CW.OKEX': -2.0})",0.0,0.0,0.0,0.0,0.0,0.0,0.0
2019-03-10,"defaultdict(<class 'int'>, {'BTC_CW.OKEX': 3885.585, 'BTC_CQ.OKEX': 3873.16})","defaultdict(<class 'int'>, {'BTC_CW.OKEX': 3921.105, 'BTC_CQ.OKEX': 3909.71})",[],0,"defaultdict(<class 'int'>, {'BTC_CQ.OKEX': 2.0, 'BTC_CW.OKEX': -2.0})","defaultdict(<class 'int'>, {'BTC_CQ.OKEX': 2.0, 'BTC_CW.OKEX': -2.0})",0.0,0.0,0.0,0.0,0.0,0.0,0.0
2019-03-11,"defaultdict(<class 'int'>, {'BTC_CW.OKEX': 3830.215, 'BTC_CQ.OKEX': 3814.6949999999997})","defaultdict(<class 'int'>, {'BTC_CW.OKEX': 3885.585, 'BTC_CQ.OKEX': 3873.16})","[TradeData(gateway_name='BACKTESTING', symbol='BTC_CQ', exchange='OKEX', vt_client_oid='181', tradeid='181', direction=<Direction.LONG: '多'>, offset=<Offset.OPEN: '开'>, price=3833.67, volume=2.0, long_qty=2.0, short_qty=0, time='13:58:24'), TradeData(gateway_name='BACKTESTING', symbol='BTC_CW', exchange='OKEX', vt_client_oid='182', tradeid='182', direction=<Direction.SHORT: '空'>, offset=<Offset.OPEN: '开'>, price=3855.13, volume=2.0, long_qty=0, short_qty=2.0, time='13:58:24')]",2,"defaultdict(<class 'int'>, {'BTC_CQ.OKEX': 2.0, 'BTC_CW.OKEX': -2.0})","defaultdict(<class 'int'>, {'BTC_CQ.OKEX': 2.0, 'BTC_CW.OKEX': -2.0})",0.10404825618017535,3.12144768540526e-05,0.0,7.796505336702406e-05,0.0,7.796505336702406e-05,4.675057651297146e-05
